SampleID,CqSAMP_B2M,CqSAMP_TEL,RTL_resp_CAL,RTL_No_CAL,Plate,ExtrMethod
BW070,25.36200822,12.64816832,1.010340582,1.120000921,20150416_Soay_PGcomparison1,PG
BW070,NA,NA,NA,NA,20150416_Soay_PGcomparison1,PG
BW070,NA,NA,NA,NA,20150416_Soay_PGcomparison1,PG
BW070,25.67056616,12.79221234,0.914726311,1.241506595,20150416_Soay_PGcomparison2,PG
BW070,NA,NA,NA,NA,20150416_Soay_PGcomparison2,PG
BW070,NA,NA,NA,NA,20150416_Soay_PGcomparison2,PG
BW070,25.56880802,12.6780161,0.985589643,1.249837355,20150417_Soay_PGcomparison3,PG
BW070,NA,NA,NA,NA,20150417_Soay_PGcomparison3,PG
BW070,NA,NA,NA,NA,20150417_Soay_PGcomparison3,PG
BW070,25.6032365,12.97990494,0.874199462,1.050941815,20150417_Soay_PGcomparison4,PG
BW070,NA,NA,NA,NA,20150417_Soay_PGcomparison4,PG
BW070,NA,NA,NA,NA,20150417_Soay_PGcomparison4,PG
BW070,NA,NA,NA,NA,20150420_Soay_SCcomparison5,SC
BW070,25.73208397,13.31201146,0.957071849,0.921724872,20150420_Soay_SCcomparison5,SC
BW070,NA,NA,NA,NA,20150420_Soay_SCcomparison5,SC
BW070,NA,NA,NA,NA,20150420_Soay_SCcomparison6,SC
BW070,25.64653655,13.3668144,0.93609219,0.844814465,20150420_Soay_SCcomparison6,SC
BW070,NA,NA,NA,NA,20150420_Soay_SCcomparison6,SC
BW070,NA,NA,NA,NA,20150421_Soay_SCcomparison7,SC
BW070,25.99179331,13.14344457,1.021308999,1.207003999,20150421_Soay_SCcomparison7,SC
BW070,NA,NA,NA,NA,20150421_Soay_SCcomparison7,SC
BW070,NA,NA,NA,NA,20150421_Soay_SCcomparison8,SC
BW070,25.89543677,13.50425876,1.027199763,0.904893915,20150421_Soay_SCcomparison8,SC
BW070,NA,NA,NA,NA,20150421_Soay_SCcomparison8,SC
BW537,26.36728652,13.63578914,1.00765397,1.117022711,20150416_Soay_PGcomparison1,PG
BW537,NA,NA,NA,NA,20150416_Soay_PGcomparison1,PG
BW537,NA,NA,NA,NA,20150416_Soay_PGcomparison1,PG
BW537,26.59825069,13.6715217,0.928210519,1.259807956,20150416_Soay_PGcomparison2,PG
BW537,NA,NA,NA,NA,20150416_Soay_PGcomparison2,PG
BW537,NA,NA,NA,NA,20150416_Soay_PGcomparison2,PG
BW537,26.49676819,13.50064174,1.042878315,1.322485776,20150417_Soay_PGcomparison3,PG
BW537,NA,NA,NA,NA,20150417_Soay_PGcomparison3,PG
BW537,NA,NA,NA,NA,20150417_Soay_PGcomparison3,PG
BW537,26.61084222,13.86486524,0.936943461,1.126371166,20150417_Soay_PGcomparison4,PG
BW537,NA,NA,NA,NA,20150417_Soay_PGcomparison4,PG
BW537,NA,NA,NA,NA,20150417_Soay_PGcomparison4,PG
BW537,26.34293279,13.63608105,1.148359895,1.105948189,20150420_Soay_SCcomparison5,SC
BW537,NA,NA,NA,NA,20150420_Soay_SCcomparison5,SC
BW537,NA,NA,NA,NA,20150420_Soay_SCcomparison5,SC
BW537,26.244427,13.77163786,1.058912058,0.955658249,20150420_Soay_SCcomparison6,SC
BW537,NA,NA,NA,NA,20150420_Soay_SCcomparison6,SC
BW537,NA,NA,NA,NA,20150420_Soay_SCcomparison6,SC
BW537,26.51666443,13.57597959,1.081282133,1.277881476,20150421_Soay_SCcomparison7,SC
BW537,NA,NA,NA,NA,20150421_Soay_SCcomparison7,SC
BW537,NA,NA,NA,NA,20150421_Soay_SCcomparison7,SC
BW537,26.51213576,14.11564156,1.029203204,0.906658811,20150421_Soay_SCcomparison8,SC
BW537,NA,NA,NA,NA,20150421_Soay_SCcomparison8,SC
BW537,NA,NA,NA,NA,20150421_Soay_SCcomparison8,SC
BW542,26.1413902,13.82024374,0.775532598,0.859707351,20150416_Soay_PGcomparison1,PG
BW542,NA,NA,NA,NA,20150416_Soay_PGcomparison1,PG
BW542,NA,NA,NA,NA,20150416_Soay_PGcomparison1,PG
BW542,26.38122916,13.98244317,0.662449088,0.899104908,20150416_Soay_PGcomparison2,PG
BW542,NA,NA,NA,NA,20150416_Soay_PGcomparison2,PG
BW542,NA,NA,NA,NA,20150416_Soay_PGcomparison2,PG
BW542,26.16381,13.51990261,0.83496972,1.058834534,20150417_Soay_PGcomparison3,PG
BW542,NA,NA,NA,NA,20150417_Soay_PGcomparison3,PG
BW542,NA,NA,NA,NA,20150417_Soay_PGcomparison3,PG
BW542,26.30375799,13.99404242,0.710540849,0.854195323,20150417_Soay_PGcomparison4,PG
BW542,NA,NA,NA,NA,20150417_Soay_PGcomparison4,PG
BW542,NA,NA,NA,NA,20150417_Soay_PGcomparison4,PG
BW542,NA,NA,NA,NA,20150420_Soay_SCcomparison5,SC
BW542,25.74256757,13.7734608,0.725354631,0.698565531,20150420_Soay_SCcomparison5,SC
BW542,NA,NA,NA,NA,20150420_Soay_SCcomparison5,SC
BW542,NA,NA,NA,NA,20150420_Soay_SCcomparison6,SC
BW542,25.73698255,14.00656497,0.667190803,0.602133475,20150420_Soay_SCcomparison6,SC
BW542,NA,NA,NA,NA,20150420_Soay_SCcomparison6,SC
BW542,NA,NA,NA,NA,20150421_Soay_SCcomparison7,SC
BW542,25.96524842,13.66285366,0.723590156,0.855153738,20150421_Soay_SCcomparison7,SC
BW542,NA,NA,NA,NA,20150421_Soay_SCcomparison7,SC
BW542,NA,NA,NA,NA,20150421_Soay_SCcomparison8,SC
BW542,25.94961062,14.02096368,0.767696613,0.676289089,20150421_Soay_SCcomparison8,SC
BW542,NA,NA,NA,NA,20150421_Soay_SCcomparison8,SC
BW543,25.52817312,12.60757516,1.15197739,1.277010711,20150416_Soay_PGcomparison1,PG
BW543,NA,NA,NA,NA,20150416_Soay_PGcomparison1,PG
BW543,NA,NA,NA,NA,20150416_Soay_PGcomparison1,PG
BW543,25.81965198,12.90724202,0.932586981,1.265747879,20150416_Soay_PGcomparison2,PG
BW543,NA,NA,NA,NA,20150416_Soay_PGcomparison2,PG
BW543,NA,NA,NA,NA,20150416_Soay_PGcomparison2,PG
BW543,25.65535275,12.67450269,1.043226712,1.32292758,20150417_Soay_PGcomparison3,PG
BW543,NA,NA,NA,NA,20150417_Soay_PGcomparison3,PG
BW543,NA,NA,NA,NA,20150417_Soay_PGcomparison3,PG
BW543,25.68689959,12.93366211,0.949316476,1.141245706,20150417_Soay_PGcomparison4,PG
BW543,NA,NA,NA,NA,20150417_Soay_PGcomparison4,PG
BW543,NA,NA,NA,NA,20150417_Soay_PGcomparison4,PG
BW543,25.8300408,13.47943236,0.917911984,0.884011272,20150420_Soay_SCcomparison5,SC
BW543,NA,NA,NA,NA,20150420_Soay_SCcomparison5,SC
BW543,NA,NA,NA,NA,20150420_Soay_SCcomparison5,SC
BW543,25.76294095,13.52755264,0.911526836,0.822644467,20150420_Soay_SCcomparison6,SC
BW543,NA,NA,NA,NA,20150420_Soay_SCcomparison6,SC
BW543,NA,NA,NA,NA,20150420_Soay_SCcomparison6,SC
BW543,26.10393575,13.29668043,0.994891403,1.175783139,20150421_Soay_SCcomparison7,SC
BW543,NA,NA,NA,NA,20150421_Soay_SCcomparison7,SC
BW543,NA,NA,NA,NA,20150421_Soay_SCcomparison7,SC
BW543,25.8837838,13.70204412,0.900380048,0.793174272,20150421_Soay_SCcomparison8,SC
BW543,NA,NA,NA,NA,20150421_Soay_SCcomparison8,SC
BW543,NA,NA,NA,NA,20150421_Soay_SCcomparison8,SC
BW063,25.94061427,12.9308898,1.213203254,1.344881908,20150416_Soay_PGcomparison1,PG
BW063,NA,NA,NA,NA,20150416_Soay_PGcomparison1,PG
BW063,NA,NA,NA,NA,20150416_Soay_PGcomparison1,PG
BW063,26.20855508,13.04891355,1.08656247,1.474730158,20150416_Soay_PGcomparison2,PG
BW063,NA,NA,NA,NA,20150416_Soay_PGcomparison2,PG
BW063,NA,NA,NA,NA,20150416_Soay_PGcomparison2,PG
BW063,26.04477585,12.90544959,1.149662461,1.45789996,20150417_Soay_PGcomparison3,PG
BW063,NA,NA,NA,NA,20150417_Soay_PGcomparison3,PG
BW063,NA,NA,NA,NA,20150417_Soay_PGcomparison3,PG
BW063,26.15984997,13.11706764,1.137799176,1.367835129,20150417_Soay_PGcomparison4,PG
BW063,NA,NA,NA,NA,20150417_Soay_PGcomparison4,PG
BW063,NA,NA,NA,NA,20150417_Soay_PGcomparison4,PG
BW063,25.95007635,13.12424282,1.230885632,1.185426047,20150420_Soay_SCcomparison5,SC
BW063,NA,NA,NA,NA,20150420_Soay_SCcomparison5,SC
BW063,NA,NA,NA,NA,20150420_Soay_SCcomparison5,SC
BW063,26.00480859,13.1459324,1.34187468,1.211029374,20150420_Soay_SCcomparison6,SC
BW063,NA,NA,NA,NA,20150420_Soay_SCcomparison6,SC
BW063,NA,NA,NA,NA,20150420_Soay_SCcomparison6,SC
BW063,26.3055781,12.9075855,1.443911244,1.706444027,20150421_Soay_SCcomparison7,SC
BW063,NA,NA,NA,NA,20150421_Soay_SCcomparison7,SC
BW063,NA,NA,NA,NA,20150421_Soay_SCcomparison7,SC
BW063,26.01889639,13.2899904,1.270094829,1.118868131,20150421_Soay_SCcomparison8,SC
BW063,NA,NA,NA,NA,20150421_Soay_SCcomparison8,SC
BW063,NA,NA,NA,NA,20150421_Soay_SCcomparison8,SC
BW026,26.17375461,13.6783735,0.867496965,0.961653349,20150416_Soay_PGcomparison1,PG
BW026,NA,NA,NA,NA,20150416_Soay_PGcomparison1,PG
BW026,NA,NA,NA,NA,20150416_Soay_PGcomparison1,PG
BW026,26.46945728,13.73680627,0.820682559,1.113866302,20150416_Soay_PGcomparison2,PG
BW026,NA,NA,NA,NA,20150416_Soay_PGcomparison2,PG
BW026,NA,NA,NA,NA,20150416_Soay_PGcomparison2,PG
BW026,26.3201298,13.5563322,0.900148352,1.141488295,20150417_Soay_PGcomparison3,PG
BW026,NA,NA,NA,NA,20150417_Soay_PGcomparison3,PG
BW026,NA,NA,NA,NA,20150417_Soay_PGcomparison3,PG
BW026,26.27193352,14.13270115,0.637229052,0.766061623,20150417_Soay_PGcomparison4,PG
BW026,NA,NA,NA,NA,20150417_Soay_PGcomparison4,PG
BW026,NA,NA,NA,NA,20150417_Soay_PGcomparison4,PG
BW026,NA,NA,NA,NA,20150420_Soay_SCcomparison5,SC
BW026,25.68011629,13.06113931,1.0810575,1.041131432,20150420_Soay_SCcomparison5,SC
BW026,NA,NA,NA,NA,20150420_Soay_SCcomparison5,SC
BW026,NA,NA,NA,NA,20150420_Soay_SCcomparison6,SC
BW026,25.70540638,13.57782015,0.852483041,0.76935799,20150420_Soay_SCcomparison6,SC
BW026,NA,NA,NA,NA,20150420_Soay_SCcomparison6,SC
BW026,NA,NA,NA,NA,20150421_Soay_SCcomparison7,SC
BW026,25.91891076,13.46256954,0.797534501,0.942542681,20150421_Soay_SCcomparison7,SC
BW026,NA,NA,NA,NA,20150421_Soay_SCcomparison7,SC
BW026,NA,NA,NA,NA,20150421_Soay_SCcomparison8,SC
BW026,25.73329465,13.47800348,0.943356613,0.831033733,20150421_Soay_SCcomparison8,SC
BW026,NA,NA,NA,NA,20150421_Soay_SCcomparison8,SC
BR036,25.44521338,12.76383653,0.988229611,1.095490069,20150416_Soay_PGcomparison1,PG
BR036,NA,NA,NA,NA,20150416_Soay_PGcomparison1,PG
BR036,NA,NA,NA,NA,20150416_Soay_PGcomparison1,PG
BR036,25.75358401,13.0164425,0.833698812,1.131532534,20150416_Soay_PGcomparison2,PG
BR036,NA,NA,NA,NA,20150416_Soay_PGcomparison2,PG
BR036,NA,NA,NA,NA,20150416_Soay_PGcomparison2,PG
BR036,25.5787421,12.84164222,0.892785712,1.132151645,20150417_Soay_PGcomparison3,PG
BR036,NA,NA,NA,NA,20150417_Soay_PGcomparison3,PG
BR036,NA,NA,NA,NA,20150417_Soay_PGcomparison3,PG
BR036,25.68781871,13.176076,0.813270848,0.977694887,20150417_Soay_PGcomparison4,PG
BR036,NA,NA,NA,NA,20150417_Soay_PGcomparison4,PG
BR036,NA,NA,NA,NA,20150417_Soay_PGcomparison4,PG
BR036,25.67872495,13.16918224,1.010687227,0.973360101,20150420_Soay_SCcomparison5,SC
BR036,NA,NA,NA,NA,20150420_Soay_SCcomparison5,SC
BR036,NA,NA,NA,NA,20150420_Soay_SCcomparison5,SC
BR036,25.56933508,13.26937244,0.94737226,0.854994628,20150420_Soay_SCcomparison6,SC
BR036,NA,NA,NA,NA,20150420_Soay_SCcomparison6,SC
BR036,NA,NA,NA,NA,20150420_Soay_SCcomparison6,SC
BR036,25.87155907,13.11747281,0.962574914,1.137590837,20150421_Soay_SCcomparison7,SC
BR036,NA,NA,NA,NA,20150421_Soay_SCcomparison7,SC
BR036,NA,NA,NA,NA,20150421_Soay_SCcomparison7,SC
BR036,25.81352181,13.44269039,1.014319277,0.893547071,20150421_Soay_SCcomparison8,SC
BR036,NA,NA,NA,NA,20150421_Soay_SCcomparison8,SC
BR036,NA,NA,NA,NA,20150421_Soay_SCcomparison8,SC
BR057,25.24584813,12.83972858,0.829607455,0.919651388,20150416_Soay_PGcomparison1,PG
BR057,NA,NA,NA,NA,20150416_Soay_PGcomparison1,PG
BR057,NA,NA,NA,NA,20150416_Soay_PGcomparison1,PG
BR057,25.43954073,12.92357174,0.726733663,0.986354747,20150416_Soay_PGcomparison2,PG
BR057,NA,NA,NA,NA,20150416_Soay_PGcomparison2,PG
BR057,NA,NA,NA,NA,20150416_Soay_PGcomparison2,PG
BR057,25.38755383,12.50084649,0.985157848,1.249289792,20150417_Soay_PGcomparison3,PG
BR057,NA,NA,NA,NA,20150417_Soay_PGcomparison3,PG
BR057,NA,NA,NA,NA,20150417_Soay_PGcomparison3,PG
BR057,25.38423221,12.91717852,0.792525831,0.952755723,20150417_Soay_PGcomparison4,PG
BR057,NA,NA,NA,NA,20150417_Soay_PGcomparison4,PG
BR057,NA,NA,NA,NA,20150417_Soay_PGcomparison4,PG
BR057,25.82975013,13.53915265,0.884652919,0.851980544,20150420_Soay_SCcomparison5,SC
BR057,NA,NA,NA,NA,20150420_Soay_SCcomparison5,SC
BR057,NA,NA,NA,NA,20150420_Soay_SCcomparison5,SC
BR057,25.78091575,13.66400693,0.847312747,0.764691845,20150420_Soay_SCcomparison6,SC
BR057,NA,NA,NA,NA,20150420_Soay_SCcomparison6,SC
BR057,NA,NA,NA,NA,20150420_Soay_SCcomparison6,SC
BR057,26.06462194,13.33964208,0.944620121,1.116371496,20150421_Soay_SCcomparison7,SC
BR057,NA,NA,NA,NA,20150421_Soay_SCcomparison7,SC
BR057,NA,NA,NA,NA,20150421_Soay_SCcomparison7,SC
BR057,26.04800187,13.75363025,0.966155789,0.851118271,20150421_Soay_SCcomparison8,SC
BR057,NA,NA,NA,NA,20150421_Soay_SCcomparison8,SC
BR057,NA,NA,NA,NA,20150421_Soay_SCcomparison8,SC
BR501,25.39403251,13.04787124,0.796446783,0.882891523,20150416_Soay_PGcomparison1,PG
BR501,NA,NA,NA,NA,20150416_Soay_PGcomparison1,PG
BR501,NA,NA,NA,NA,20150416_Soay_PGcomparison1,PG
BR501,25.62981828,13.1445418,0.710033801,0.963688962,20150416_Soay_PGcomparison2,PG
BR501,NA,NA,NA,NA,20150416_Soay_PGcomparison2,PG
BR501,NA,NA,NA,NA,20150416_Soay_PGcomparison2,PG
BR501,25.44691453,12.86783257,0.8078556,1.024450815,20150417_Soay_PGcomparison3,PG
BR501,NA,NA,NA,NA,20150417_Soay_PGcomparison3,PG
BR501,NA,NA,NA,NA,20150417_Soay_PGcomparison3,PG
BR501,25.52117961,13.19837455,0.721680996,0.867587745,20150417_Soay_PGcomparison4,PG
BR501,NA,NA,NA,NA,20150417_Soay_PGcomparison4,PG
BR501,NA,NA,NA,NA,20150417_Soay_PGcomparison4,PG
BR501,NA,NA,NA,NA,20150420_Soay_SCcomparison5,SC
BR501,25.28831648,13.14927657,0.80175512,0.772144365,20150420_Soay_SCcomparison5,SC
BR501,NA,NA,NA,NA,20150420_Soay_SCcomparison5,SC
BR501,NA,NA,NA,NA,20150420_Soay_SCcomparison6,SC
BR501,25.31197741,13.24100109,0.821004933,0.740949294,20150420_Soay_SCcomparison6,SC
BR501,NA,NA,NA,NA,20150420_Soay_SCcomparison6,SC
BR501,NA,NA,NA,NA,20150421_Soay_SCcomparison7,SC
BR501,25.60013415,13.04599026,0.848966177,1.003325698,20150421_Soay_SCcomparison7,SC
BR501,NA,NA,NA,NA,20150421_Soay_SCcomparison7,SC
BR501,NA,NA,NA,NA,20150421_Soay_SCcomparison8,SC
BR501,25.53052629,13.44738342,0.846888852,0.746052128,20150421_Soay_SCcomparison8,SC
BR501,NA,NA,NA,NA,20150421_Soay_SCcomparison8,SC
BR184,25.73163343,13.09728933,0.954832079,1.058467643,20150416_Soay_PGcomparison1,PG
BR184,NA,NA,NA,NA,20150416_Soay_PGcomparison1,PG
BR184,NA,NA,NA,NA,20150416_Soay_PGcomparison1,PG
BR184,26.05492486,13.42655443,0.772917325,1.049037231,20150416_Soay_PGcomparison2,PG
BR184,NA,NA,NA,NA,20150416_Soay_PGcomparison2,PG
BR184,NA,NA,NA,NA,20150416_Soay_PGcomparison2,PG
BR184,25.93701631,13.14641038,0.920034203,1.16670577,20150417_Soay_PGcomparison3,PG
BR184,NA,NA,NA,NA,20150417_Soay_PGcomparison3,PG
BR184,NA,NA,NA,NA,20150417_Soay_PGcomparison3,PG
BR184,25.9646909,13.56163506,0.756661408,0.90964036,20150417_Soay_PGcomparison4,PG
BR184,NA,NA,NA,NA,20150417_Soay_PGcomparison4,PG
BR184,NA,NA,NA,NA,20150417_Soay_PGcomparison4,PG
BR184,NA,NA,NA,NA,20150420_Soay_SCcomparison5,SC
BR184,25.52597991,13.22591925,0.88722735,0.854459897,20150420_Soay_SCcomparison5,SC
BR184,NA,NA,NA,NA,20150420_Soay_SCcomparison5,SC
BR184,NA,NA,NA,NA,20150420_Soay_SCcomparison6,SC
BR184,25.53152102,13.44333446,0.831011472,0.749980099,20150420_Soay_SCcomparison6,SC
BR184,NA,NA,NA,NA,20150420_Soay_SCcomparison6,SC
BR184,NA,NA,NA,NA,20150421_Soay_SCcomparison7,SC
BR184,25.73812438,13.11103265,0.888691005,1.050273319,20150421_Soay_SCcomparison7,SC
BR184,NA,NA,NA,NA,20150421_Soay_SCcomparison7,SC
BR184,NA,NA,NA,NA,20150421_Soay_SCcomparison8,SC
BR184,25.66350391,13.34404938,0.98238272,0.865413115,20150421_Soay_SCcomparison8,SC
BR184,NA,NA,NA,NA,20150421_Soay_SCcomparison8,SC
BR568,25.86891172,13.26303535,0.935640466,1.037193006,20150416_Soay_PGcomparison1,PG
BR568,NA,NA,NA,NA,20150416_Soay_PGcomparison1,PG
BR568,NA,NA,NA,NA,20150416_Soay_PGcomparison1,PG
BR568,26.01855286,13.50571842,0.717773547,0.974193685,20150416_Soay_PGcomparison2,PG
BR568,NA,NA,NA,NA,20150416_Soay_PGcomparison2,PG
BR568,NA,NA,NA,NA,20150416_Soay_PGcomparison2,PG
BR568,25.95697298,13.22074905,0.888220713,1.126362715,20150417_Soay_PGcomparison3,PG
BR568,NA,NA,NA,NA,20150417_Soay_PGcomparison3,PG
BR568,NA,NA,NA,NA,20150417_Soay_PGcomparison3,PG
BR568,25.93374162,13.6374647,0.706844795,0.849752011,20150417_Soay_PGcomparison4,PG
BR568,NA,NA,NA,NA,20150417_Soay_PGcomparison4,PG
BR568,NA,NA,NA,NA,20150417_Soay_PGcomparison4,PG
BR568,25.53756846,13.50422061,0.753100863,0.725287027,20150420_Soay_SCcomparison5,SC
BR568,NA,NA,NA,NA,20150420_Soay_SCcomparison5,SC
BR568,NA,NA,NA,NA,20150420_Soay_SCcomparison5,SC
BR568,25.57007125,13.73466113,0.711083598,0.641746311,20150420_Soay_SCcomparison6,SC
BR568,NA,NA,NA,NA,20150420_Soay_SCcomparison6,SC
BR568,NA,NA,NA,NA,20150420_Soay_SCcomparison6,SC
BR568,25.77319034,13.46858272,0.724928555,0.856735484,20150421_Soay_SCcomparison7,SC
BR568,NA,NA,NA,NA,20150421_Soay_SCcomparison7,SC
BR568,NA,NA,NA,NA,20150421_Soay_SCcomparison7,SC
BR568,25.72659632,13.7940961,0.769949341,0.67827359,20150421_Soay_SCcomparison8,SC
BR568,NA,NA,NA,NA,20150421_Soay_SCcomparison8,SC
BR568,NA,NA,NA,NA,20150421_Soay_SCcomparison8,SC
BR572,24.9994919,12.79567916,0.730520025,0.809809206,20150416_Soay_PGcomparison1,PG
BR572,NA,NA,NA,NA,20150416_Soay_PGcomparison1,PG
BR572,NA,NA,NA,NA,20150416_Soay_PGcomparison1,PG
BR572,25.36585442,12.87702186,0.715043222,0.970487967,20150416_Soay_PGcomparison2,PG
BR572,NA,NA,NA,NA,20150416_Soay_PGcomparison2,PG
BR572,NA,NA,NA,NA,20150416_Soay_PGcomparison2,PG
BR572,25.18428054,12.72735614,0.749229037,0.950105809,20150417_Soay_PGcomparison3,PG
BR572,NA,NA,NA,NA,20150417_Soay_PGcomparison3,PG
BR572,NA,NA,NA,NA,20150417_Soay_PGcomparison3,PG
BR572,25.40946803,13.06019605,0.734770644,0.883323808,20150417_Soay_PGcomparison4,PG
BR572,NA,NA,NA,NA,20150417_Soay_PGcomparison4,PG
BR572,NA,NA,NA,NA,20150417_Soay_PGcomparison4,PG
BR572,NA,NA,NA,NA,20150420_Soay_SCcomparison5,SC
BR572,25.48714636,13.48402157,0.738875994,0.711587517,20150420_Soay_SCcomparison5,SC
BR572,NA,NA,NA,NA,20150420_Soay_SCcomparison5,SC
BR572,NA,NA,NA,NA,20150420_Soay_SCcomparison6,SC
BR572,25.52686077,13.70730852,0.703947538,0.635306083,20150420_Soay_SCcomparison6,SC
BR572,NA,NA,NA,NA,20150420_Soay_SCcomparison6,SC
BR572,NA,NA,NA,NA,20150421_Soay_SCcomparison7,SC
BR572,25.75016656,13.36246124,0.764016434,0.902930346,20150421_Soay_SCcomparison7,SC
BR572,NA,NA,NA,NA,20150421_Soay_SCcomparison7,SC
BR572,NA,NA,NA,NA,20150421_Soay_SCcomparison8,SC
BR572,25.68574503,13.95492046,0.678240012,0.597483838,20150421_Soay_SCcomparison8,SC
BR572,NA,NA,NA,NA,20150421_Soay_SCcomparison8,SC
BR578,25.72056587,13.18954857,0.89333835,0.990299509,20150416_Soay_PGcomparison1,PG
BR578,NA,NA,NA,NA,20150416_Soay_PGcomparison1,PG
BR578,NA,NA,NA,NA,20150416_Soay_PGcomparison1,PG
BR578,26.00279184,13.33700802,0.792574631,1.075716989,20150416_Soay_PGcomparison2,PG
BR578,NA,NA,NA,NA,20150416_Soay_PGcomparison2,PG
BR578,NA,NA,NA,NA,20150416_Soay_PGcomparison2,PG
BR578,25.9659165,13.25526266,0.87364941,1.107884686,20150417_Soay_PGcomparison3,PG
BR578,NA,NA,NA,NA,20150417_Soay_PGcomparison3,PG
BR578,NA,NA,NA,NA,20150417_Soay_PGcomparison3,PG
BR578,26.01427191,13.51289735,0.805474352,0.96832212,20150417_Soay_PGcomparison4,PG
BR578,NA,NA,NA,NA,20150417_Soay_PGcomparison4,PG
BR578,NA,NA,NA,NA,20150417_Soay_PGcomparison4,PG
BR578,25.07907511,12.82487583,0.858865974,0.827145974,20150420_Soay_SCcomparison5,SC
BR578,NA,NA,NA,NA,20150420_Soay_SCcomparison5,SC
BR578,NA,NA,NA,NA,20150420_Soay_SCcomparison5,SC
BR578,25.12599657,12.90361826,0.900343579,0.812551683,20150420_Soay_SCcomparison6,SC
BR578,NA,NA,NA,NA,20150420_Soay_SCcomparison6,SC
BR578,NA,NA,NA,NA,20150420_Soay_SCcomparison6,SC
BR578,25.36642,12.72603646,0.896962276,1.060048475,20150421_Soay_SCcomparison7,SC
BR578,NA,NA,NA,NA,20150421_Soay_SCcomparison7,SC
BR578,NA,NA,NA,NA,20150421_Soay_SCcomparison7,SC
BR578,25.29282725,13.04850535,0.937802277,0.82614074,20150421_Soay_SCcomparison8,SC
BR578,NA,NA,NA,NA,20150421_Soay_SCcomparison8,SC
BR578,NA,NA,NA,NA,20150421_Soay_SCcomparison8,SC
BR583,25.95397278,13.68079898,0.753849793,0.835671138,20150416_Soay_PGcomparison1,PG
BR583,NA,NA,NA,NA,20150416_Soay_PGcomparison1,PG
BR583,NA,NA,NA,NA,20150416_Soay_PGcomparison1,PG
BR583,26.34216162,13.85131109,0.703554029,0.954894336,20150416_Soay_PGcomparison2,PG
BR583,NA,NA,NA,NA,20150416_Soay_PGcomparison2,PG
BR583,NA,NA,NA,NA,20150416_Soay_PGcomparison2,PG
BR583,26.14950302,13.64549939,0.763303546,0.96795385,20150417_Soay_PGcomparison3,PG
BR583,NA,NA,NA,NA,20150417_Soay_PGcomparison3,PG
BR583,NA,NA,NA,NA,20150417_Soay_PGcomparison3,PG
BR583,26.22544378,14.06588186,0.645855457,0.776432084,20150417_Soay_PGcomparison4,PG
BR583,NA,NA,NA,NA,20150417_Soay_PGcomparison4,PG
BR583,NA,NA,NA,NA,20150417_Soay_PGcomparison4,PG
BR583,NA,NA,NA,NA,20150420_Soay_SCcomparison5,SC
BR583,26.20345012,14.31769388,0.692165531,0.666602182,20150420_Soay_SCcomparison5,SC
BR583,NA,NA,NA,NA,20150420_Soay_SCcomparison5,SC
BR583,NA,NA,NA,NA,20150420_Soay_SCcomparison6,SC
BR583,26.17686362,14.51950411,0.639656793,0.577284285,20150420_Soay_SCcomparison6,SC
BR583,NA,NA,NA,NA,20150420_Soay_SCcomparison6,SC
BR583,NA,NA,NA,NA,20150421_Soay_SCcomparison7,SC
BR583,26.51440596,14.04042911,0.805337079,0.951763936,20150421_Soay_SCcomparison7,SC
BR583,NA,NA,NA,NA,20150421_Soay_SCcomparison7,SC
BR583,NA,NA,NA,NA,20150421_Soay_SCcomparison8,SC
BR583,26.33993032,14.59286883,0.684191124,0.602726366,20150421_Soay_SCcomparison8,SC
BR583,NA,NA,NA,NA,20150421_Soay_SCcomparison8,SC
BR589,26.04149309,13.35973552,0.980260284,1.08665577,20150416_Soay_PGcomparison1,PG
BR589,NA,NA,NA,NA,20150416_Soay_PGcomparison1,PG
BR589,NA,NA,NA,NA,20150416_Soay_PGcomparison1,PG
BR589,26.26699567,13.57988316,0.79977848,1.085494368,20150416_Soay_PGcomparison2,PG
BR589,NA,NA,NA,NA,20150416_Soay_PGcomparison2,PG
BR589,NA,NA,NA,NA,20150416_Soay_PGcomparison2,PG
BR589,26.09447414,13.32859446,0.903810969,1.146132898,20150417_Soay_PGcomparison3,PG
BR589,NA,NA,NA,NA,20150417_Soay_PGcomparison3,PG
BR589,NA,NA,NA,NA,20150417_Soay_PGcomparison3,PG
BR589,26.18923926,13.61852017,0.840704704,1.010675222,20150417_Soay_PGcomparison4,PG
BR589,NA,NA,NA,NA,20150417_Soay_PGcomparison4,PG
BR589,NA,NA,NA,NA,20150417_Soay_PGcomparison4,PG
BR589,26.01350479,13.66506876,0.918300969,0.884385891,20150420_Soay_SCcomparison5,SC
BR589,NA,NA,NA,NA,20150420_Soay_SCcomparison5,SC
BR589,NA,NA,NA,NA,20150420_Soay_SCcomparison5,SC
BR589,26.05424782,13.64575926,1.016375924,0.917269787,20150420_Soay_SCcomparison6,SC
BR589,NA,NA,NA,NA,20150420_Soay_SCcomparison6,SC
BR589,NA,NA,NA,NA,20150420_Soay_SCcomparison6,SC
BR589,26.15370361,13.46177666,0.924919206,1.093088555,20150421_Soay_SCcomparison7,SC
BR589,NA,NA,NA,NA,20150421_Soay_SCcomparison7,SC
BR589,NA,NA,NA,NA,20150421_Soay_SCcomparison7,SC
BR589,26.03528052,13.72243208,0.977483595,0.861097313,20150421_Soay_SCcomparison8,SC
BR589,NA,NA,NA,NA,20150421_Soay_SCcomparison8,SC
BR589,NA,NA,NA,NA,20150421_Soay_SCcomparison8,SC
BR594,26.36691773,13.31933035,1.235839107,1.369974608,20150416_Soay_PGcomparison1,PG
BR594,NA,NA,NA,NA,20150416_Soay_PGcomparison1,PG
BR594,NA,NA,NA,NA,20150416_Soay_PGcomparison1,PG
BR594,26.53350994,13.3788049,1.076810086,1.461493802,20150416_Soay_PGcomparison2,PG
BR594,NA,NA,NA,NA,20150416_Soay_PGcomparison2,PG
BR594,NA,NA,NA,NA,20150416_Soay_PGcomparison2,PG
BR594,26.33899592,13.26071253,1.101516682,1.396845755,20150417_Soay_PGcomparison3,PG
BR594,NA,NA,NA,NA,20150417_Soay_PGcomparison3,PG
BR594,NA,NA,NA,NA,20150417_Soay_PGcomparison3,PG
BR594,26.50407238,13.4904888,1.113201097,1.338263902,20150417_Soay_PGcomparison4,PG
BR594,NA,NA,NA,NA,20150417_Soay_PGcomparison4,PG
BR594,NA,NA,NA,NA,20150417_Soay_PGcomparison4,PG
BR594,25.85153402,13.54355296,0.894347342,0.861316932,20150420_Soay_SCcomparison5,SC
BR594,NA,NA,NA,NA,20150420_Soay_SCcomparison5,SC
BR594,NA,NA,NA,NA,20150420_Soay_SCcomparison5,SC
BR594,25.73826018,13.6407105,0.837000838,0.755385444,20150420_Soay_SCcomparison6,SC
BR594,NA,NA,NA,NA,20150420_Soay_SCcomparison6,SC
BR594,NA,NA,NA,NA,20150420_Soay_SCcomparison6,SC
BR594,26.01038877,13.46608186,0.84289785,0.996154024,20150421_Soay_SCcomparison7,SC
BR594,NA,NA,NA,NA,20150421_Soay_SCcomparison7,SC
BR594,NA,NA,NA,NA,20150421_Soay_SCcomparison7,SC
BR594,25.97495849,13.76998276,0.913454017,0.804691556,20150421_Soay_SCcomparison8,SC
BR594,NA,NA,NA,NA,20150421_Soay_SCcomparison8,SC
BR594,NA,NA,NA,NA,20150421_Soay_SCcomparison8,SC
BR598,26.24743169,13.9989135,0.738902127,0.819101085,20150416_Soay_PGcomparison1,PG
BR598,NA,NA,NA,NA,20150416_Soay_PGcomparison1,PG
BR598,NA,NA,NA,NA,20150416_Soay_PGcomparison1,PG
BR598,26.47504405,14.17177381,0.621745461,0.843860159,20150416_Soay_PGcomparison2,PG
BR598,NA,NA,NA,NA,20150416_Soay_PGcomparison2,PG
BR598,NA,NA,NA,NA,20150416_Soay_PGcomparison2,PG
BR598,26.52285547,13.92159145,0.808885872,1.025757314,20150417_Soay_PGcomparison3,PG
BR598,NA,NA,NA,NA,20150417_Soay_PGcomparison3,PG
BR598,NA,NA,NA,NA,20150417_Soay_PGcomparison3,PG
BR598,26.68033213,14.36992205,0.708407468,0.851630621,20150417_Soay_PGcomparison4,PG
BR598,NA,NA,NA,NA,20150417_Soay_PGcomparison4,PG
BR598,NA,NA,NA,NA,20150417_Soay_PGcomparison4,PG
BR598,NA,NA,NA,NA,20150420_Soay_SCcomparison5,SC
BR598,26.01858919,13.93935461,0.778236401,0.749494252,20150420_Soay_SCcomparison5,SC
BR598,NA,NA,NA,NA,20150420_Soay_SCcomparison5,SC
BR598,NA,NA,NA,NA,20150420_Soay_SCcomparison6,SC
BR598,25.97532703,14.03332004,0.761557824,0.68729883,20150420_Soay_SCcomparison6,SC
BR598,NA,NA,NA,NA,20150420_Soay_SCcomparison6,SC
BR598,NA,NA,NA,NA,20150421_Soay_SCcomparison7,SC
BR598,26.19026303,13.83672865,0.746938526,0.882747323,20150421_Soay_SCcomparison7,SC
BR598,NA,NA,NA,NA,20150421_Soay_SCcomparison7,SC
BR598,NA,NA,NA,NA,20150421_Soay_SCcomparison8,SC
BR598,26.20731224,14.30881584,0.752828068,0.663190901,20150421_Soay_SCcomparison8,SC
BR598,NA,NA,NA,NA,20150421_Soay_SCcomparison8,SC
BR599,26.1360445,13.50233301,0.949056845,1.052065573,20150416_Soay_PGcomparison1,PG
BR599,NA,NA,NA,NA,20150416_Soay_PGcomparison1,PG
BR599,NA,NA,NA,NA,20150416_Soay_PGcomparison1,PG
BR599,26.33647994,13.68365115,0.781278608,1.060385539,20150416_Soay_PGcomparison2,PG
BR599,NA,NA,NA,NA,20150416_Soay_PGcomparison2,PG
BR599,NA,NA,NA,NA,20150416_Soay_PGcomparison2,PG
BR599,26.27235599,13.55558051,0.873856482,1.108147283,20150417_Soay_PGcomparison3,PG
BR599,NA,NA,NA,NA,20150417_Soay_PGcomparison3,PG
BR599,NA,NA,NA,NA,20150417_Soay_PGcomparison3,PG
BR599,26.36176078,13.87081064,0.79757004,0.958819747,20150417_Soay_PGcomparison4,PG
BR599,NA,NA,NA,NA,20150417_Soay_PGcomparison4,PG
BR599,NA,NA,NA,NA,20150417_Soay_PGcomparison4,PG
BR599,NA,NA,NA,NA,20150420_Soay_SCcomparison5,SC
BR599,NA,NA,NA,NA,20150420_Soay_SCcomparison5,SC
BR599,25.36728338,13.12876579,0.85297797,0.821475429,20150420_Soay_SCcomparison5,SC
BR599,NA,NA,NA,NA,20150420_Soay_SCcomparison6,SC
BR599,NA,NA,NA,NA,20150420_Soay_SCcomparison6,SC
BR599,25.37481048,13.14321989,0.907006341,0.81856476,20150420_Soay_SCcomparison6,SC
BR599,NA,NA,NA,NA,20150421_Soay_SCcomparison7,SC
BR599,NA,NA,NA,NA,20150421_Soay_SCcomparison7,SC
BR599,25.719398,13.0209094,0.929706189,1.098745908,20150421_Soay_SCcomparison7,SC
BR599,NA,NA,NA,NA,20150421_Soay_SCcomparison8,SC
BR599,NA,NA,NA,NA,20150421_Soay_SCcomparison8,SC
BR599,25.52488757,13.42596758,0.855350136,0.753505947,20150421_Soay_SCcomparison8,SC
BO039,25.93408757,13.65508383,0.756903776,0.839056595,20150416_Soay_PGcomparison1,PG
BO039,NA,NA,NA,NA,20150416_Soay_PGcomparison1,PG
BO039,NA,NA,NA,NA,20150416_Soay_PGcomparison1,PG
BO039,26.28852752,13.69537055,0.752368359,1.021147281,20150416_Soay_PGcomparison2,PG
BO039,NA,NA,NA,NA,20150416_Soay_PGcomparison2,PG
BO039,NA,NA,NA,NA,20150416_Soay_PGcomparison2,PG
BO039,26.15706867,13.41232819,0.890942097,1.129813743,20150417_Soay_PGcomparison3,PG
BO039,NA,NA,NA,NA,20150417_Soay_PGcomparison3,PG
BO039,NA,NA,NA,NA,20150417_Soay_PGcomparison3,PG
BO039,26.20400172,13.79957671,0.75566577,0.908443431,20150417_Soay_PGcomparison4,PG
BO039,NA,NA,NA,NA,20150417_Soay_PGcomparison4,PG
BO039,NA,NA,NA,NA,20150417_Soay_PGcomparison4,PG
BO039,25.69720231,13.69823414,0.738476038,0.711202331,20150420_Soay_SCcomparison5,SC
BO039,NA,NA,NA,NA,20150420_Soay_SCcomparison5,SC
BO039,NA,NA,NA,NA,20150420_Soay_SCcomparison5,SC
BO039,25.62143414,13.79696861,0.706538829,0.6376447,20150420_Soay_SCcomparison6,SC
BO039,NA,NA,NA,NA,20150420_Soay_SCcomparison6,SC
BO039,NA,NA,NA,NA,20150420_Soay_SCcomparison6,SC
BO039,25.95555899,13.4837665,0.805283115,0.951700158,20150421_Soay_SCcomparison7,SC
BO039,NA,NA,NA,NA,20150421_Soay_SCcomparison7,SC
BO039,NA,NA,NA,NA,20150421_Soay_SCcomparison7,SC
BO039,25.86889971,13.99571468,0.74149977,0.653211431,20150421_Soay_SCcomparison8,SC
BO039,NA,NA,NA,NA,20150421_Soay_SCcomparison8,SC
BO039,NA,NA,NA,NA,20150421_Soay_SCcomparison8,SC
BO204,25.87008556,13.60627108,0.750187295,0.831611121,20150416_Soay_PGcomparison1,PG
BO204,NA,NA,NA,NA,20150416_Soay_PGcomparison1,PG
BO204,NA,NA,NA,NA,20150416_Soay_PGcomparison1,PG
BO204,25.99962764,13.72338271,0.616209773,0.836346882,20150416_Soay_PGcomparison2,PG
BO204,NA,NA,NA,NA,20150416_Soay_PGcomparison2,PG
BO204,NA,NA,NA,NA,20150416_Soay_PGcomparison2,PG
BO204,25.8748145,13.39365279,0.754677151,0.957014623,20150417_Soay_PGcomparison3,PG
BO204,NA,NA,NA,NA,20150417_Soay_PGcomparison3,PG
BO204,NA,NA,NA,NA,20150417_Soay_PGcomparison3,PG
BO204,25.94584865,13.83410476,0.627982744,0.754945932,20150417_Soay_PGcomparison4,PG
BO204,NA,NA,NA,NA,20150417_Soay_PGcomparison4,PG
BO204,NA,NA,NA,NA,20150417_Soay_PGcomparison4,PG
BO204,NA,NA,NA,NA,20150420_Soay_SCcomparison5,SC
BO204,25.30988735,13.49401612,0.657391491,0.633112432,20150420_Soay_SCcomparison5,SC
BO204,NA,NA,NA,NA,20150420_Soay_SCcomparison5,SC
BO204,NA,NA,NA,NA,20150420_Soay_SCcomparison6,SC
BO204,25.28771201,13.55708045,0.665253659,0.600385221,20150420_Soay_SCcomparison6,SC
BO204,NA,NA,NA,NA,20150420_Soay_SCcomparison6,SC
BO204,NA,NA,NA,NA,20150421_Soay_SCcomparison7,SC
BO204,25.57863596,13.35210811,0.690375538,0.815900016,20150421_Soay_SCcomparison7,SC
BO204,NA,NA,NA,NA,20150421_Soay_SCcomparison7,SC
BO204,NA,NA,NA,NA,20150421_Soay_SCcomparison8,SC
BO204,25.56859043,13.82517426,0.683817184,0.602396953,20150421_Soay_SCcomparison8,SC
BO204,NA,NA,NA,NA,20150421_Soay_SCcomparison8,SC
BO535,26.07299328,13.53631311,0.892200905,0.989038605,20150416_Soay_PGcomparison1,PG
BO535,NA,NA,NA,NA,20150416_Soay_PGcomparison1,PG
BO535,NA,NA,NA,NA,20150416_Soay_PGcomparison1,PG
BO535,26.31981635,13.72576171,0.752382832,1.021166922,20150416_Soay_PGcomparison2,PG
BO535,NA,NA,NA,NA,20150416_Soay_PGcomparison2,PG
BO535,NA,NA,NA,NA,20150416_Soay_PGcomparison2,PG
BO535,26.27272879,13.42302126,0.951789052,1.20697445,20150417_Soay_PGcomparison3,PG
BO535,NA,NA,NA,NA,20150417_Soay_PGcomparison3,PG
BO535,NA,NA,NA,NA,20150417_Soay_PGcomparison3,PG
BO535,26.24222074,13.86666354,0.741562872,0.891489261,20150417_Soay_PGcomparison4,PG
BO535,NA,NA,NA,NA,20150417_Soay_PGcomparison4,PG
BO535,NA,NA,NA,NA,20150417_Soay_PGcomparison4,PG
BO535,NA,NA,NA,NA,20150420_Soay_SCcomparison5,SC
BO535,25.37919492,13.27591204,0.785002023,0.756009997,20150420_Soay_SCcomparison5,SC
BO535,NA,NA,NA,NA,20150420_Soay_SCcomparison5,SC
BO535,NA,NA,NA,NA,20150420_Soay_SCcomparison6,SC
BO535,25.32583407,13.48811513,0.710922479,0.641600903,20150420_Soay_SCcomparison6,SC
BO535,NA,NA,NA,NA,20150420_Soay_SCcomparison6,SC
BO535,NA,NA,NA,NA,20150421_Soay_SCcomparison7,SC
BO535,25.62706189,13.16263388,0.802166125,0.948016433,20150421_Soay_SCcomparison7,SC
BO535,NA,NA,NA,NA,20150421_Soay_SCcomparison7,SC
BO535,NA,NA,NA,NA,20150421_Soay_SCcomparison8,SC
BO535,25.44728496,13.44691958,0.804053272,0.708316857,20150421_Soay_SCcomparison8,SC
BO535,NA,NA,NA,NA,20150421_Soay_SCcomparison8,SC
BO540,26.3142995,13.43829765,1.107031677,1.227186679,20150416_Soay_PGcomparison1,PG
BO540,NA,NA,NA,NA,20150416_Soay_PGcomparison1,PG
BO540,NA,NA,NA,NA,20150416_Soay_PGcomparison1,PG
BO540,26.48196792,13.68207053,0.856944292,1.163082315,20150416_Soay_PGcomparison2,PG
BO540,NA,NA,NA,NA,20150416_Soay_PGcomparison2,PG
BO540,NA,NA,NA,NA,20150416_Soay_PGcomparison2,PG
BO540,26.36352645,13.44239402,0.995406069,1.26228568,20150417_Soay_PGcomparison3,PG
BO540,NA,NA,NA,NA,20150417_Soay_PGcomparison3,PG
BO540,NA,NA,NA,NA,20150417_Soay_PGcomparison3,PG
BO540,26.3643717,13.77826728,0.847667925,1.019046237,20150417_Soay_PGcomparison4,PG
BO540,NA,NA,NA,NA,20150417_Soay_PGcomparison4,PG
BO540,NA,NA,NA,NA,20150417_Soay_PGcomparison4,PG
BO540,25.86938839,13.53462838,0.909352674,0.875768081,20150420_Soay_SCcomparison5,SC
BO540,NA,NA,NA,NA,20150420_Soay_SCcomparison5,SC
BO540,NA,NA,NA,NA,20150420_Soay_SCcomparison5,SC
BO540,25.76931848,13.651448,0.847749607,0.765086108,20150420_Soay_SCcomparison6,SC
BO540,NA,NA,NA,NA,20150420_Soay_SCcomparison6,SC
BO540,NA,NA,NA,NA,20150420_Soay_SCcomparison6,SC
BO540,25.98942405,13.35181564,0.894083449,1.056646216,20150421_Soay_SCcomparison7,SC
BO540,NA,NA,NA,NA,20150421_Soay_SCcomparison7,SC
BO540,NA,NA,NA,NA,20150421_Soay_SCcomparison7,SC
BO540,25.96025971,13.78626077,0.895849471,0.789183139,20150421_Soay_SCcomparison8,SC
BO540,NA,NA,NA,NA,20150421_Soay_SCcomparison8,SC
BO540,NA,NA,NA,NA,20150421_Soay_SCcomparison8,SC
BO543,26.38393124,13.84955059,0.887009706,0.983283965,20150416_Soay_PGcomparison1,PG
BO543,NA,NA,NA,NA,20150416_Soay_PGcomparison1,PG
BO543,NA,NA,NA,NA,20150416_Soay_PGcomparison1,PG
BO543,26.58467668,14.0048892,0.741945882,1.007001437,20150416_Soay_PGcomparison2,PG
BO543,NA,NA,NA,NA,20150416_Soay_PGcomparison2,PG
BO543,NA,NA,NA,NA,20150416_Soay_PGcomparison2,PG
BO543,26.47289782,13.79364249,0.850975588,1.079131758,20150417_Soay_PGcomparison3,PG
BO543,NA,NA,NA,NA,20150417_Soay_PGcomparison3,PG
BO543,NA,NA,NA,NA,20150417_Soay_PGcomparison3,PG
BO543,26.52883759,14.55184134,0.572989454,0.688834302,20150417_Soay_PGcomparison4,PG
BO543,NA,NA,NA,NA,20150417_Soay_PGcomparison4,PG
BO543,NA,NA,NA,NA,20150417_Soay_PGcomparison4,PG
BO543,NA,NA,NA,NA,20150420_Soay_SCcomparison5,SC
BO543,25.61880073,13.78833763,0.66528509,0.640714502,20150420_Soay_SCcomparison5,SC
BO543,NA,NA,NA,NA,20150420_Soay_SCcomparison5,SC
BO543,NA,NA,NA,NA,20150420_Soay_SCcomparison6,SC
BO543,25.61202703,13.7541963,0.72120312,0.650879088,20150420_Soay_SCcomparison6,SC
BO543,NA,NA,NA,NA,20150420_Soay_SCcomparison6,SC
BO543,NA,NA,NA,NA,20150421_Soay_SCcomparison7,SC
BO543,25.90739984,13.58548199,0.732663479,0.865876776,20150421_Soay_SCcomparison7,SC
BO543,NA,NA,NA,NA,20150421_Soay_SCcomparison7,SC
BO543,NA,NA,NA,NA,20150421_Soay_SCcomparison8,SC
BO543,25.58268433,13.97564485,0.627557801,0.55283622,20150421_Soay_SCcomparison8,SC
BO543,NA,NA,NA,NA,20150421_Soay_SCcomparison8,SC
BO546,26.27484455,13.93546746,0.783252814,0.868265506,20150416_Soay_PGcomparison1,PG
BO546,NA,NA,NA,NA,20150416_Soay_PGcomparison1,PG
BO546,NA,NA,NA,NA,20150416_Soay_PGcomparison1,PG
BO546,26.66167675,13.99386504,0.784295044,1.064479573,20150416_Soay_PGcomparison2,PG
BO546,NA,NA,NA,NA,20150416_Soay_PGcomparison2,PG
BO546,NA,NA,NA,NA,20150416_Soay_PGcomparison2,PG
BO546,26.53056733,13.97202799,0.786904437,0.997882409,20150417_Soay_PGcomparison3,PG
BO546,NA,NA,NA,NA,20150417_Soay_PGcomparison3,PG
BO546,NA,NA,NA,NA,20150417_Soay_PGcomparison3,PG
BO546,26.6274011,14.26182087,0.734242483,0.88268886,20150417_Soay_PGcomparison4,PG
BO546,NA,NA,NA,NA,20150417_Soay_PGcomparison4,PG
BO546,NA,NA,NA,NA,20150417_Soay_PGcomparison4,PG
BO546,NA,NA,NA,NA,20150420_Soay_SCcomparison5,SC
BO546,25.47139233,13.15388842,0.896326127,0.863222632,20150420_Soay_SCcomparison5,SC
BO546,NA,NA,NA,NA,20150420_Soay_SCcomparison5,SC
BO546,NA,NA,NA,NA,20150420_Soay_SCcomparison6,SC
BO546,25.48691216,13.38160518,0.839591377,0.757723388,20150420_Soay_SCcomparison6,SC
BO546,NA,NA,NA,NA,20150420_Soay_SCcomparison6,SC
BO546,NA,NA,NA,NA,20150421_Soay_SCcomparison7,SC
BO546,25.72653633,13.07252048,0.90395071,1.06830755,20150421_Soay_SCcomparison7,SC
BO546,NA,NA,NA,NA,20150421_Soay_SCcomparison7,SC
BO546,NA,NA,NA,NA,20150421_Soay_SCcomparison8,SC
BO546,25.69328882,13.53529579,0.887407714,0.78174652,20150421_Soay_SCcomparison8,SC
BO546,NA,NA,NA,NA,20150421_Soay_SCcomparison8,SC
BO550,25.82109145,13.32452258,0.872456924,0.967151652,20150416_Soay_PGcomparison1,PG
BO550,NA,NA,NA,NA,20150416_Soay_PGcomparison1,PG
BO550,NA,NA,NA,NA,20150416_Soay_PGcomparison1,PG
BO550,26.08130445,13.34186675,0.830045969,1.126574733,20150416_Soay_PGcomparison2,PG
BO550,NA,NA,NA,NA,20150416_Soay_PGcomparison2,PG
BO550,NA,NA,NA,NA,20150416_Soay_PGcomparison2,PG
BO550,26.03376906,13.19861244,0.945652363,1.199192446,20150417_Soay_PGcomparison3,PG
BO550,NA,NA,NA,NA,20150417_Soay_PGcomparison3,PG
BO550,NA,NA,NA,NA,20150417_Soay_PGcomparison3,PG
BO550,25.97553212,13.46255369,0.811771066,0.975891885,20150417_Soay_PGcomparison4,PG
BO550,NA,NA,NA,NA,20150417_Soay_PGcomparison4,PG
BO550,NA,NA,NA,NA,20150417_Soay_PGcomparison4,PG
BO550,25.33419406,12.90942234,0.956185643,0.920871392,20150420_Soay_SCcomparison5,SC
BO550,NA,NA,NA,NA,20150420_Soay_SCcomparison5,SC
BO550,NA,NA,NA,NA,20150420_Soay_SCcomparison5,SC
BO550,25.32203221,13.00696343,0.954653429,0.861565811,20150420_Soay_SCcomparison6,SC
BO550,NA,NA,NA,NA,20150420_Soay_SCcomparison6,SC
BO550,NA,NA,NA,NA,20150420_Soay_SCcomparison6,SC
BO550,25.5178859,12.82706956,0.925651653,1.093954174,20150421_Soay_SCcomparison7,SC
BO550,NA,NA,NA,NA,20150421_Soay_SCcomparison7,SC
BO550,NA,NA,NA,NA,20150421_Soay_SCcomparison7,SC
BO550,25.45973438,13.22397326,0.932410966,0.821391358,20150421_Soay_SCcomparison8,SC
BO550,NA,NA,NA,NA,20150421_Soay_SCcomparison8,SC
BO550,NA,NA,NA,NA,20150421_Soay_SCcomparison8,SC
BO532,27.10020846,14.79746387,0.756158866,0.838230836,20150416_Soay_PGcomparison1,PG
BO532,NA,NA,NA,NA,20150416_Soay_PGcomparison1,PG
BO532,NA,NA,NA,NA,20150416_Soay_PGcomparison1,PG
BO532,27.27051312,14.90077233,0.63984733,0.868428809,20150416_Soay_PGcomparison2,PG
BO532,NA,NA,NA,NA,20150416_Soay_PGcomparison2,PG
BO532,NA,NA,NA,NA,20150416_Soay_PGcomparison2,PG
BO532,27.04511775,14.74282664,0.663291827,0.841127863,20150417_Soay_PGcomparison3,PG
BO532,NA,NA,NA,NA,20150417_Soay_PGcomparison3,PG
BO532,NA,NA,NA,NA,20150417_Soay_PGcomparison3,PG
BO532,27.38080979,15.14498697,0.67103943,0.806707659,20150417_Soay_PGcomparison4,PG
BO532,NA,NA,NA,NA,20150417_Soay_PGcomparison4,PG
BO532,NA,NA,NA,NA,20150417_Soay_PGcomparison4,PG
BO532,NA,NA,NA,NA,20150420_Soay_SCcomparison5,SC
BO532,NA,NA,NA,NA,20150420_Soay_SCcomparison5,SC
BO532,26.40353864,14.46324156,0.717149043,0.690662994,20150420_Soay_SCcomparison5,SC
BO532,NA,NA,NA,NA,20150420_Soay_SCcomparison6,SC
BO532,NA,NA,NA,NA,20150420_Soay_SCcomparison6,SC
BO532,26.32136923,14.55823687,0.683505492,0.616857332,20150420_Soay_SCcomparison6,SC
BO532,NA,NA,NA,NA,20150421_Soay_SCcomparison7,SC
BO532,NA,NA,NA,NA,20150421_Soay_SCcomparison7,SC
BO532,26.53514591,14.17488468,0.749510292,0.88578669,20150421_Soay_SCcomparison7,SC
BO532,NA,NA,NA,NA,20150421_Soay_SCcomparison8,SC
BO532,NA,NA,NA,NA,20150421_Soay_SCcomparison8,SC
BO532,26.29411845,14.57601766,0.671904274,0.591902481,20150421_Soay_SCcomparison8,SC
BY022,25.76457367,13.16855312,0.931062651,1.032118322,20150416_Soay_PGcomparison1,PG
BY022,NA,NA,NA,NA,20150416_Soay_PGcomparison1,PG
BY022,NA,NA,NA,NA,20150416_Soay_PGcomparison1,PG
BY022,26.04116893,13.19355981,0.890791995,1.209021901,20150416_Soay_PGcomparison2,PG
BY022,NA,NA,NA,NA,20150416_Soay_PGcomparison2,PG
BY022,NA,NA,NA,NA,20150416_Soay_PGcomparison2,PG
BY022,25.8685901,13.02658348,0.951719382,1.206886098,20150417_Soay_PGcomparison3,PG
BY022,NA,NA,NA,NA,20150417_Soay_PGcomparison3,PG
BY022,NA,NA,NA,NA,20150417_Soay_PGcomparison3,PG
BY022,25.88071713,13.2757864,0.861762705,1.035990642,20150417_Soay_PGcomparison4,PG
BY022,NA,NA,NA,NA,20150417_Soay_PGcomparison4,PG
BY022,NA,NA,NA,NA,20150417_Soay_PGcomparison4,PG
BY022,NA,NA,NA,NA,20150420_Soay_SCcomparison5,SC
BY022,25.42702869,13.20136695,0.846746294,0.815473904,20150420_Soay_SCcomparison5,SC
BY022,NA,NA,NA,NA,20150420_Soay_SCcomparison5,SC
BY022,NA,NA,NA,NA,20150420_Soay_SCcomparison6,SC
BY022,25.42524221,13.21523992,0.895299013,0.807999009,20150420_Soay_SCcomparison6,SC
BY022,NA,NA,NA,NA,20150420_Soay_SCcomparison6,SC
BY022,NA,NA,NA,NA,20150421_Soay_SCcomparison7,SC
BY022,25.7273774,13.06040885,0.911371218,1.07707726,20150421_Soay_SCcomparison7,SC
BY022,NA,NA,NA,NA,20150421_Soay_SCcomparison7,SC
BY022,NA,NA,NA,NA,20150421_Soay_SCcomparison8,SC
BY022,25.70578157,13.41445395,0.965054637,0.850148235,20150421_Soay_SCcomparison8,SC
BY022,NA,NA,NA,NA,20150421_Soay_SCcomparison8,SC
BY596,26.13202293,13.32915502,1.058661271,1.173566246,20150416_Soay_PGcomparison1,PG
BY596,NA,NA,NA,NA,20150416_Soay_PGcomparison1,PG
BY596,NA,NA,NA,NA,20150416_Soay_PGcomparison1,PG
BY596,26.32416453,13.49095069,0.878076796,1.191764275,20150416_Soay_PGcomparison2,PG
BY596,NA,NA,NA,NA,20150416_Soay_PGcomparison2,PG
BY596,NA,NA,NA,NA,20150416_Soay_PGcomparison2,PG
BY596,26.29052218,13.35080821,1.00825199,1.278575738,20150417_Soay_PGcomparison3,PG
BY596,NA,NA,NA,NA,20150417_Soay_PGcomparison3,PG
BY596,NA,NA,NA,NA,20150417_Soay_PGcomparison3,PG
BY596,26.17207622,13.62259582,0.829476772,0.997177263,20150417_Soay_PGcomparison4,PG
BY596,NA,NA,NA,NA,20150417_Soay_PGcomparison4,PG
BY596,NA,NA,NA,NA,20150417_Soay_PGcomparison4,PG
BY596,25.29160329,12.95745895,0.903985118,0.870598762,20150420_Soay_SCcomparison5,SC
BY596,NA,NA,NA,NA,20150420_Soay_SCcomparison5,SC
BY596,NA,NA,NA,NA,20150420_Soay_SCcomparison5,SC
BY596,25.34282292,12.95417806,0.999174607,0.90174576,20150420_Soay_SCcomparison6,SC
BY596,NA,NA,NA,NA,20150420_Soay_SCcomparison6,SC
BY596,NA,NA,NA,NA,20150420_Soay_SCcomparison6,SC
BY596,25.4920322,12.75855633,0.950978025,1.123885402,20150421_Soay_SCcomparison7,SC
BY596,NA,NA,NA,NA,20150421_Soay_SCcomparison7,SC
BY596,NA,NA,NA,NA,20150421_Soay_SCcomparison7,SC
BY596,25.46163382,13.01973039,1.061561595,0.935164379,20150421_Soay_SCcomparison8,SC
BY596,NA,NA,NA,NA,20150421_Soay_SCcomparison8,SC
BY596,NA,NA,NA,NA,20150421_Soay_SCcomparison8,SC
AG575,26.00620732,13.28391175,1.006757342,1.116028768,20150416_Soay_PGcomparison1,PG
AG575,NA,NA,NA,NA,20150416_Soay_PGcomparison1,PG
AG575,NA,NA,NA,NA,20150416_Soay_PGcomparison1,PG
AG575,26.22329591,13.39844138,0.874926427,1.187488454,20150416_Soay_PGcomparison2,PG
AG575,NA,NA,NA,NA,20150416_Soay_PGcomparison2,PG
AG575,NA,NA,NA,NA,20150416_Soay_PGcomparison2,PG
AG575,26.17187653,13.27200661,0.984169561,1.24803654,20150417_Soay_PGcomparison3,PG
AG575,NA,NA,NA,NA,20150417_Soay_PGcomparison3,PG
AG575,NA,NA,NA,NA,20150417_Soay_PGcomparison3,PG
AG575,26.2017526,13.54505126,0.888197947,1.067770464,20150417_Soay_PGcomparison4,PG
AG575,NA,NA,NA,NA,20150417_Soay_PGcomparison4,PG
AG575,NA,NA,NA,NA,20150417_Soay_PGcomparison4,PG
AG575,NA,NA,NA,NA,20150420_Soay_SCcomparison5,SC
AG575,NA,NA,NA,NA,20150420_Soay_SCcomparison5,SC
AG575,25.46739186,13.04110826,0.958298473,0.922906195,20150420_Soay_SCcomparison5,SC
AG575,NA,NA,NA,NA,20150420_Soay_SCcomparison6,SC
AG575,NA,NA,NA,NA,20150420_Soay_SCcomparison6,SC
AG575,25.5258748,13.27682191,0.917778661,0.82828668,20150420_Soay_SCcomparison6,SC
AG575,NA,NA,NA,NA,20150421_Soay_SCcomparison7,SC
AG575,NA,NA,NA,NA,20150421_Soay_SCcomparison7,SC
AG575,25.70169867,12.95212585,0.960218832,1.134806377,20150421_Soay_SCcomparison7,SC
AG575,NA,NA,NA,NA,20150421_Soay_SCcomparison8,SC
AG575,NA,NA,NA,NA,20150421_Soay_SCcomparison8,SC
AG575,25.54235133,13.32778739,0.919883438,0.810355449,20150421_Soay_SCcomparison8,SC
AG579,25.90331518,13.28701385,0.941507221,1.043696527,20150416_Soay_PGcomparison1,PG
AG579,NA,NA,NA,NA,20150416_Soay_PGcomparison1,PG
AG579,NA,NA,NA,NA,20150416_Soay_PGcomparison1,PG
AG579,26.22674973,13.41338091,0.868402012,1.178633235,20150416_Soay_PGcomparison2,PG
AG579,NA,NA,NA,NA,20150416_Soay_PGcomparison2,PG
AG579,NA,NA,NA,NA,20150416_Soay_PGcomparison2,PG
AG579,26.19408367,13.28375413,0.990542107,1.256117641,20150417_Soay_PGcomparison3,PG
AG579,NA,NA,NA,NA,20150417_Soay_PGcomparison3,PG
AG579,NA,NA,NA,NA,20150417_Soay_PGcomparison3,PG
AG579,25.99493325,NA,NA,0.63908127,20150417_Soay_PGcomparison4,PG
AG579,NA,NA,NA,NA,20150417_Soay_PGcomparison4,PG
AG579,NA,NA,NA,NA,20150417_Soay_PGcomparison4,PG
AG579,25.09592246,12.83052964,0.864938024,0.83299377,20150420_Soay_SCcomparison5,SC
AG579,NA,NA,NA,NA,20150420_Soay_SCcomparison5,SC
AG579,NA,NA,NA,NA,20150420_Soay_SCcomparison5,SC
AG579,25.27739198,12.85218339,1.021542024,0.921932142,20150420_Soay_SCcomparison6,SC
AG579,NA,NA,NA,NA,20150420_Soay_SCcomparison6,SC
AG579,NA,NA,NA,NA,20150420_Soay_SCcomparison6,SC
AG579,25.50944592,12.65472021,1.026590955,1.213246315,20150421_Soay_SCcomparison7,SC
AG579,NA,NA,NA,NA,20150421_Soay_SCcomparison7,SC
AG579,NA,NA,NA,NA,20150421_Soay_SCcomparison7,SC
AG579,25.40005783,13.16573264,0.931694729,0.820760399,20150421_Soay_SCcomparison8,SC
AG579,NA,NA,NA,NA,20150421_Soay_SCcomparison8,SC
AG579,NA,NA,NA,NA,20150421_Soay_SCcomparison8,SC
AW106,26.20041443,13.93284829,0.748539392,0.829784359,20150416_Soay_PGcomparison1,PG
AW106,NA,NA,NA,NA,20150416_Soay_PGcomparison1,PG
AW106,NA,NA,NA,NA,20150416_Soay_PGcomparison1,PG
AW106,26.63725902,14.16689863,0.690635213,0.937360349,20150416_Soay_PGcomparison2,PG
AW106,NA,NA,NA,NA,20150416_Soay_PGcomparison2,PG
AW106,NA,NA,NA,NA,20150416_Soay_PGcomparison2,PG
AW106,26.48555556,13.87890179,0.812057949,1.029779861,20150417_Soay_PGcomparison3,PG
AW106,NA,NA,NA,NA,20150417_Soay_PGcomparison3,PG
AW106,NA,NA,NA,NA,20150417_Soay_PGcomparison3,PG
AW106,26.47998043,14.32169495,0.643823774,0.77398964,20150417_Soay_PGcomparison4,PG
AW106,NA,NA,NA,NA,20150417_Soay_PGcomparison4,PG
AW106,NA,NA,NA,NA,20150417_Soay_PGcomparison4,PG
AW106,NA,NA,NA,NA,20150420_Soay_SCcomparison5,SC
AW106,25.58697536,13.24219181,0.912500199,0.87879936,20150420_Soay_SCcomparison5,SC
AW106,NA,NA,NA,NA,20150420_Soay_SCcomparison5,SC
AW106,NA,NA,NA,NA,20150420_Soay_SCcomparison6,SC
AW106,25.53922584,13.3489849,0.885121034,0.798813474,20150420_Soay_SCcomparison6,SC
AW106,NA,NA,NA,NA,20150420_Soay_SCcomparison6,SC
AW106,NA,NA,NA,NA,20150421_Soay_SCcomparison7,SC
AW106,25.72330234,13.1757545,0.845193741,0.998867362,20150421_Soay_SCcomparison7,SC
AW106,NA,NA,NA,NA,20150421_Soay_SCcomparison7,SC
AW106,NA,NA,NA,NA,20150421_Soay_SCcomparison8,SC
AW106,25.74599454,13.6281615,0.865157998,0.762146015,20150421_Soay_SCcomparison8,SC
AW106,NA,NA,NA,NA,20150421_Soay_SCcomparison8,SC
AW155,25.73561453,13.22041185,0.884075359,0.980031128,20150416_Soay_PGcomparison1,PG
AW155,NA,NA,NA,NA,20150416_Soay_PGcomparison1,PG
AW155,NA,NA,NA,NA,20150416_Soay_PGcomparison1,PG
AW155,25.87998242,13.39016483,0.70893419,0.962196523,20150416_Soay_PGcomparison2,PG
AW155,NA,NA,NA,NA,20150416_Soay_PGcomparison2,PG
AW155,NA,NA,NA,NA,20150416_Soay_PGcomparison2,PG
AW155,25.82500578,13.21232165,0.821734068,1.042050256,20150417_Soay_PGcomparison3,PG
AW155,NA,NA,NA,NA,20150417_Soay_PGcomparison3,PG
AW155,NA,NA,NA,NA,20150417_Soay_PGcomparison3,PG
AW155,25.81976919,13.48176146,0.726750377,0.873682031,20150417_Soay_PGcomparison4,PG
AW155,NA,NA,NA,NA,20150417_Soay_PGcomparison4,PG
AW155,NA,NA,NA,NA,20150417_Soay_PGcomparison4,PG
AW155,NA,NA,NA,NA,20150420_Soay_SCcomparison5,SC
AW155,25.33585966,13.33304429,0.737664304,0.710420578,20150420_Soay_SCcomparison5,SC
AW155,NA,NA,NA,NA,20150420_Soay_SCcomparison5,SC
AW155,NA,NA,NA,NA,20150420_Soay_SCcomparison6,SC
AW155,25.30586724,13.43792085,0.724221099,0.653602785,20150420_Soay_SCcomparison6,SC
AW155,NA,NA,NA,NA,20150420_Soay_SCcomparison6,SC
AW155,NA,NA,NA,NA,20150421_Soay_SCcomparison7,SC
AW155,25.53345502,13.2232721,0.727894271,0.860240429,20150421_Soay_SCcomparison7,SC
AW155,NA,NA,NA,NA,20150421_Soay_SCcomparison7,SC
AW155,NA,NA,NA,NA,20150421_Soay_SCcomparison8,SC
AW155,25.46768253,13.55081766,0.762857921,0.672026525,20150421_Soay_SCcomparison8,SC
AW155,NA,NA,NA,NA,20150421_Soay_SCcomparison8,SC
AW599,26.24649803,13.88441223,0.795138759,0.881441532,20150416_Soay_PGcomparison1,PG
AW599,NA,NA,NA,NA,20150416_Soay_PGcomparison1,PG
AW599,NA,NA,NA,NA,20150416_Soay_PGcomparison1,PG
AW599,26.38651817,13.97848201,0.666358095,0.90441038,20150416_Soay_PGcomparison2,PG
AW599,NA,NA,NA,NA,20150416_Soay_PGcomparison2,PG
AW599,NA,NA,NA,NA,20150416_Soay_PGcomparison2,PG
AW599,26.38383505,13.69906758,0.854913664,1.084125682,20150417_Soay_PGcomparison3,PG
AW599,NA,NA,NA,NA,20150417_Soay_PGcomparison3,PG
AW599,NA,NA,NA,NA,20150417_Soay_PGcomparison3,PG
AW599,26.31419841,14.04017084,0.694417754,0.834812519,20150417_Soay_PGcomparison4,PG
AW599,NA,NA,NA,NA,20150417_Soay_PGcomparison4,PG
AW599,NA,NA,NA,NA,20150417_Soay_PGcomparison4,PG
AW599,25.50635639,13.37082862,0.801700158,0.772091428,20150420_Soay_SCcomparison5,SC
AW599,NA,NA,NA,NA,20150420_Soay_SCcomparison5,SC
AW599,NA,NA,NA,NA,20150420_Soay_SCcomparison5,SC
AW599,25.59074136,13.42805493,0.870489175,0.785608357,20150420_Soay_SCcomparison6,SC
AW599,NA,NA,NA,NA,20150420_Soay_SCcomparison6,SC
AW599,NA,NA,NA,NA,20150420_Soay_SCcomparison6,SC
AW599,25.73192144,13.14122573,0.868516191,1.026430312,20150421_Soay_SCcomparison7,SC
AW599,NA,NA,NA,NA,20150421_Soay_SCcomparison7,SC
AW599,NA,NA,NA,NA,20150421_Soay_SCcomparison7,SC
AW599,25.77479912,13.50478767,0.952046559,0.838688994,20150421_Soay_SCcomparison8,SC
AW599,NA,NA,NA,NA,20150421_Soay_SCcomparison8,SC
AW599,NA,NA,NA,NA,20150421_Soay_SCcomparison8,SC
AW600,27.00051851,14.73259116,0.740379215,0.820738491,20150416_Soay_PGcomparison1,PG
AW600,NA,NA,NA,NA,20150416_Soay_PGcomparison1,PG
AW600,NA,NA,NA,NA,20150416_Soay_PGcomparison1,PG
AW600,27.16720217,14.98077882,0.569412454,0.772831513,20150416_Soay_PGcomparison2,PG
AW600,NA,NA,NA,NA,20150416_Soay_PGcomparison2,PG
AW600,NA,NA,NA,NA,20150416_Soay_PGcomparison2,PG
AW600,27.02381639,14.63331198,0.70216212,0.890419717,20150417_Soay_PGcomparison3,PG
AW600,NA,NA,NA,NA,20150417_Soay_PGcomparison3,PG
AW600,NA,NA,NA,NA,20150417_Soay_PGcomparison3,PG
AW600,27.08611624,15.13055832,0.562296085,0.675978987,20150417_Soay_PGcomparison4,PG
AW600,NA,NA,NA,NA,20150417_Soay_PGcomparison4,PG
AW600,NA,NA,NA,NA,20150417_Soay_PGcomparison4,PG
AW600,NA,NA,NA,NA,20150420_Soay_SCcomparison5,SC
AW600,26.18452527,14.39931091,0.650548643,0.62652231,20150420_Soay_SCcomparison5,SC
AW600,NA,NA,NA,NA,20150420_Soay_SCcomparison5,SC
AW600,NA,NA,NA,NA,20150420_Soay_SCcomparison6,SC
AW600,26.17488045,14.47756013,0.655630981,0.591700841,20150420_Soay_SCcomparison6,SC
AW600,NA,NA,NA,NA,20150420_Soay_SCcomparison6,SC
AW600,NA,NA,NA,NA,20150421_Soay_SCcomparison7,SC
AW600,26.40167786,14.0703545,0.736172182,0.870023434,20150421_Soay_SCcomparison7,SC
AW600,NA,NA,NA,NA,20150421_Soay_SCcomparison7,SC
AW600,NA,NA,NA,NA,20150421_Soay_SCcomparison8,SC
AW600,26.26493606,14.5259067,0.680857138,0.599789351,20150421_Soay_SCcomparison8,SC
AW600,NA,NA,NA,NA,20150421_Soay_SCcomparison8,SC
AO536,26.24923391,13.57305745,0.973898853,1.079603886,20150416_Soay_PGcomparison1,PG
AO536,NA,NA,NA,NA,20150416_Soay_PGcomparison1,PG
AO536,NA,NA,NA,NA,20150416_Soay_PGcomparison1,PG
AO536,26.4327503,13.60419481,0.873734681,1.185870961,20150416_Soay_PGcomparison2,PG
AO536,NA,NA,NA,NA,20150416_Soay_PGcomparison2,PG
AO536,NA,NA,NA,NA,20150416_Soay_PGcomparison2,PG
AO536,26.21177455,13.34987384,0.959982506,1.217364664,20150417_Soay_PGcomparison3,PG
AO536,NA,NA,NA,NA,20150417_Soay_PGcomparison3,PG
AO536,NA,NA,NA,NA,20150417_Soay_PGcomparison3,PG
AO536,26.36200846,13.63704091,0.926531433,1.113854074,20150417_Soay_PGcomparison4,PG
AO536,NA,NA,NA,NA,20150417_Soay_PGcomparison4,PG
AO536,NA,NA,NA,NA,20150417_Soay_PGcomparison4,PG
AO536,NA,NA,NA,NA,20150420_Soay_SCcomparison5,SC
AO536,25.37492565,13.001226,0.926984004,0.892748242,20150420_Soay_SCcomparison5,SC
AO536,NA,NA,NA,NA,20150420_Soay_SCcomparison5,SC
AO536,NA,NA,NA,NA,20150420_Soay_SCcomparison6,SC
AO536,25.38284127,13.10727433,0.932028615,0.841147132,20150420_Soay_SCcomparison6,SC
AO536,NA,NA,NA,NA,20150420_Soay_SCcomparison6,SC
AO536,NA,NA,NA,NA,20150421_Soay_SCcomparison7,SC
AO536,25.68828908,12.90793791,0.979090433,1.157109226,20150421_Soay_SCcomparison7,SC
AO536,NA,NA,NA,NA,20150421_Soay_SCcomparison7,SC
AO536,NA,NA,NA,NA,20150421_Soay_SCcomparison8,SC
AO536,25.60395783,13.34722349,0.944490444,0.832032561,20150421_Soay_SCcomparison8,SC
AO536,NA,NA,NA,NA,20150421_Soay_SCcomparison8,SC
AY573,26.23853724,13.98054596,0.743528666,0.824229777,20150416_Soay_PGcomparison1,PG
AY573,NA,NA,NA,NA,20150416_Soay_PGcomparison1,PG
AY573,NA,NA,NA,NA,20150416_Soay_PGcomparison1,PG
AY573,26.49117156,14.04964586,0.679661637,0.922466534,20150416_Soay_PGcomparison2,PG
AY573,NA,NA,NA,NA,20150416_Soay_PGcomparison2,PG
AY573,NA,NA,NA,NA,20150416_Soay_PGcomparison2,PG
AY573,26.32043023,13.91653919,0.714264919,0.905767418,20150417_Soay_PGcomparison3,PG
AY573,NA,NA,NA,NA,20150417_Soay_PGcomparison3,PG
AY573,NA,NA,NA,NA,20150417_Soay_PGcomparison3,PG
AY573,26.40321923,14.17161653,0.675252015,0.811771923,20150417_Soay_PGcomparison4,PG
AY573,NA,NA,NA,NA,20150417_Soay_PGcomparison4,PG
AY573,NA,NA,NA,NA,20150417_Soay_PGcomparison4,PG
AY573,25.14505504,12.90382503,0.852582795,0.821094851,20150420_Soay_SCcomparison5,SC
AY573,NA,NA,NA,NA,20150420_Soay_SCcomparison5,SC
AY573,NA,NA,NA,NA,20150420_Soay_SCcomparison5,SC
AY573,25.21939884,12.98218685,0.909204172,0.820548283,20150420_Soay_SCcomparison6,SC
AY573,NA,NA,NA,NA,20150420_Soay_SCcomparison6,SC
AY573,NA,NA,NA,NA,20150420_Soay_SCcomparison6,SC
AY573,25.38192503,12.83167801,0.847314079,1.001373212,20150421_Soay_SCcomparison7,SC
AY573,NA,NA,NA,NA,20150421_Soay_SCcomparison7,SC
AY573,NA,NA,NA,NA,20150421_Soay_SCcomparison7,SC
AY573,25.27426894,12.99468115,0.958887988,0.844715836,20150421_Soay_SCcomparison8,SC
AY573,NA,NA,NA,NA,20150421_Soay_SCcomparison8,SC
AY573,NA,NA,NA,NA,20150421_Soay_SCcomparison8,SC
